lambda,pdf,error
-20,1.9998617218187979002448182511140285869932856295026060352867032927e-77513875,6.97096145e-77513941
-19.75,2.8548153289610435377006650404192739581304160823504603102251213058e-60367866,9.95108609e-60367932
-19.5,6.3052844507016064073393381121476445201893043947297362335357931426e-47014541,2.19784089e-47014606
-19.25,1.0527119825940569231665423186661865119447919279059816727799732656e-36614960,3.66945186e-36615026
-19,1.7032560649092135798205647804529552802824058265888344612799680941e-28515759,5.93705700e-28515825
-18.75,2.9044957364724714990214958866211196160291732481258625623982187292e-22208095,1.01242243e-22208160
-18.5,1.9684877175200746066995344631046740061032151280466049067477876309e-17295681,6.86154754e-17295747
-18.25,1.0483984461300388286232515486987153387344044625628755985714338879e-13469889,3.65440277e-13469955
-18,3.9893455200604018145211095699142757777507141893880396829233144965e-10490360,1.39056642e-10490425
-17.75,3.6247172792212143934400111659485702995174861753239054446530931520e-8169900,1.26346756e-8169965
-17.5,3.8013010855343297646301039697972629455889099054490062897924545969e-6362724,1.32501938e-6362789
-17.25,4.6554373661794590049655516153696733516375975528215781628962219677e-4955294,1.62274621e-4955359
-17,2.0446874017583528583275354961514267063435728807110055651993580976e-3859186,7.12716865e-3859252
-16.75,6.1525888076588041472407251368863159153330903381323065875313392256e-3005537,2.14460821e-3005602
-16.5,4.5637329901131511549225223698785467975028213329842396228184794763e-2340714,1.59078063e-2340779
-16.25,1.6568229974333602324957692481322928504984863382319894664132841303e-1822949,5.77518843e-1823015
-16,4.4875384295968589450604187400802292730569552435181311509974168201e-1419714,1.56422157e-1419779
-15.75,5.1377604554543570524622051485259233370177460966449872127297208278e-1105674,1.79086983e-1105739
-15.5,2.2001290083126730154252317944604357323895877755022947885506281134e-861099,7.66899417e-861165
-15.25,1.7583579526471883991370965075807877930761865228379338951626116476e-670624,6.12911324e-670690
-15,1.7236357031459795878718719767690137873554572183147017899691662214e-522282,6.00808309e-522348
-14.75,1.2118638712530760781098373714543409130261683909587915922657171230e-406753,4.22419991e-406819
-14.5,1.0665054652454650463499904021438412415810352907234427202357448779e-316779,3.71752529e-316845
-14.25,6.2286612614021550477485917198291438828007207568464829201325807646e-246708,2.17113006e-246773
-14,5.3574072949876579500452686545958041226054858865371166627570037627e-192136,1.86743798e-192201
-13.75,2.4116566742716702975916000391460687908532430354124880643898468111e-149635,8.40635107e-149701
-13.5,8.1738325702482272519012838705714334523011057526258981861158502598e-116536,2.84917200e-116601
-13.25,6.9244727141361880455955955855375627589124916792188642067910260447e-90758,2.68409721e-90823
-13,4.9987392169117171324104472556137479089445809896995665136492618127e-70682,1.93621533e-70747
-12.75,6.0416073574687892282867073420760641795834950730842737971421271372e-55047,2.33794925e-55112
-12.5,2.4181137234602405944940197959772586405471095504182495467267893920e-42870,9.34607219e-42936
-12.25,3.3028876232612859787800434836958208210216254876652861517161636413e-33387,1.27456000e-33452
-12,9.5537619276367437387157340139344102078845793122758417256715508773e-26002,3.67918502e-26067
-11.75,5.9046605655019417682993488677465725063587239859044520944402513206e-20250,2.26785984e-20315
-11.5,1.8135837926240151650696574297646437536713582757577899666307408097e-15770,6.94146859e-15836
-11.25,7.4951396056729417604687426242343969771306575926336176047940860566e-12282,3.14549149e-12347
-11,6.3071445080498524941526220541852234378387616055073456299972014249e-9565,2.62868852e-9630
-10.75,5.3849731112638144050530166567359883977473855158501787800487145726e-7449,2.22432413e-7514
-10.5,4.0566575949976399239576455622853062430584951806520173987973888635e-5801,1.65709440e-5866
-10.25,9.2054809088720061569029089986920284768248360430501148824131866427e-4518,3.70416048e-4583
-10,2.6952640740524361493313566377908703014295472135511999586536021162e-3518,1.27292597e-3583
-9.75,6.3669132976737826265488255623973047587200873569868737733637122457e-2740,2.93473850e-2805
-9.5,9.7651321175574309567241219489390133342145137786659099930802753824e-2134,4.59627173e-2199
-9.25,1.1901631211794696105858785143169930603357229767272902111576903028e-1661,5.78424900e-1727
-9,5.3026077859225505103680231686048278111003759073733927845380571732e-1294,2.39176498e-1359
-8.75,1.0907368145087200535723897123656819006736767908862639506302989156e-1007,4.89531413e-1073
-8.5,1.0155018835912407710620290439960017978940721285661305130952089125e-784,4.44919726e-850
-8.25,4.3961741950504701500051734100118273277572655792813197074681280378e-611,2.06126559e-676
-8,7.2314913059369363867410149968349074042104512186311189844023259754e-476,3.40331691e-541
-7.875,6.2275187031966549406707516250414055343589968238461313633531374776e-420,2.93662119e-485
-7.75,1.4245159995308583128222539505682096543090742236186302526042475581e-370,6.72647510e-436
-7.625,5.1280710108705999242903612659949402233071228821600885212143494942e-327,2.41952816e-392
-7.5,1.3965400726113745093367918755249175957509985612049021318413977771e-288,5.32892863e-354
-7.375,1.1500610977071091267745218604553980474727431866141403129986617655e-254,4.58517790e-320
-7.25,9.7275598669897666657851378611997608208136893490787267592313646806e-225,3.63063296e-290
-7.125,2.4862800976949650568316145720492859970718589134817880402472513750e-198,8.33148103e-264
-7,4.9766770126438423877079414960247478080454361258426910509428047937e-175,1.77194517e-240
-6.875,1.8078205187603883319213707314469659563995567966440631623367682784e-154,8.10784242e-220
-6.75,2.5020395868677504009624576747440974876042275575537354681559914911e-136,9.78695920e-202
-6.625,2.5386643765494399908118434197650835378604828487851984146657273189e-120,1.02476976e-185
-6.5,3.3646333457816195473760066283217183176317760908022768810912661683e-106,1.51677643e-171
-6.375,9.6976191655947879782378573350966717684109180951810514169811732283e-94,3.53127139e-159
-6.25,9.5312302682245152133766056977014687705007755556544107009574269881e-83,3.84802546e-148
-6.125,4.7511116951887410679657891046058816930169344256874313866230669767e-73,1.89773533e-138
-6,1.7051074447851705700165318691420018102583443391159875613568705798e-64,6.79406048e-130
-5.875,6.0018963841802844857950156098083559972714594764381478112299075106e-57,2.28158925e-122
-5.75,2.7220643235841339862781091939808036676063700669232790436253611379e-50,9.53015547e-116
-5.625,2.0237232034828107993604607571725796715190409365781350645545439843e-44,9.14085752e-110
-5.5,3.0502060150089809920671607288315460956499824333653439139115286724e-39,1.04485675e-104
-5.375,1.1242726971838602758912921935103768828273371501369058523493019034e-34,2.85723604e-100
-5.25,1.1957721085544374716830852579142295288184273966295168359927109633e-30,3.04162282e-96
-5.125,4.2470213450075217957093595909902309053215482263143961274926741854e-27,1.23058249e-92
-5,5.7299682705730103032241471627145018198018567317016083001508848260e-24,1.92262519e-89
-4.875,3.2903901936494224981876768015818525808390407678124478589539023811e-21,2.16247384e-86
-4.75,8.8912261312855365965860473520939913641559649049289029296683436427e-19,4.48093959e-84
-4.625,1.2352777927929131980021410453040665645573082842900575242725037454e-16,5.90390169e-82
-4.5,9.5412628518507043237015211653968835927868459178534041713721540100e-15,4.33886669e-80
-4.375,4.3898115415501195432873921328206102297395901620650142461130220800e-13,2.73773711e-78
-4.25,1.2785713783348865913796037156416460446083685548070950950061601425e-11,8.35264991e-77
-4.125,2.4875790117747889024532997470516642800547326744988210936114975239e-10,1.15106255e-75
-4,3.3899538635808424464080181507598870375370695589368554145432412056e-9,1.81493899e-74
-3.9375,1.1096336511194851499717052044395618845081426545257641277985986846e-8,7.09035734e-74
-3.875,3.3740267881363930366783924042233902954242349186972033644181526541e-8,1.85050429e-73
-3.8125,9.5728382911290405783351817766145211139247889785131505772002363138e-8,5.77539144e-73
-3.75,2.5449478726175362328631389075896893197986396086865786292460334313e-7,1.53467869e-72
-3.6875,6.3646614615729652658108475067455459918533425687125335027858373111e-7,2.45368143e-72
-3.625,1.5029292380687386691747387265641920996896819505367680368621024799e-6,7.03311485e-72
-3.5625,3.3626347263806750937686768264555527920315842462910176111995656229e-6,1.95606595e-71
-3.5,7.1518498698243676763760798167937236675193617586223067137286043832e-6,4.19229101e-71
-3.4375,1.4504014953128213113657938739917571884679175540009083639729924067e-5,7.00263985e-71
-3.375,2.8128209664277938264323843107819795429355785578572484782690773919e-5,1.40038430e-70
-3.3125,5.2306651284686273365552894852144138837973667900806953677145979048e-5,3.00689009e-70
-3.25,9.3505770508751683299384054146493246731067145031307303977974667439e-5,3.76883270e-70
-3.1875,1.6107395287633087707465262212424847818565114796818059940224300719e-4,6.91689560e-70
-3.125,2.6797449752574387450516599400691861479085255860834482485214217855e-4,1.19068326e-69
-3.0625,4.3147894601235790009747124401004398557802673274938808730162156608e-4,1.43039794e-69
-3,6.7372861390806443293208404673309787301629138538887475805076339357e-4,2.06909921e-69
-2.9375,1.0220654738129664337616807238259117959069077749660736373405509481e-3,3.13532355e-69
-2.875,1.5090405322042904828073876332022601950001733516235796386577360773e-3,5.05387482e-69
-2.8125,2.1720292128275624822452314105174637118056766925844184668785424558e-3,7.70228446e-69
-2.75,3.0524170678404778509504678821436912250045314065589160139876795255e-3,1.20943228e-68
-2.6875,4.1943611228622827043252135784862391899222424021270413326322440561e-3,2.16946712e-68
-2.625,5.6431765594472025977925411659856092183039323430296162148187979533e-3,2.69235272e-68
-2.5625,7.4434390863575725769345093731124310575434153217030047001193505626e-3,3.85790811e-68
-2.5,9.6369248034230374964847015087060382766770530216744674419172573594e-3,4.70585227e-68
-2.4375,1.2260527770121674719271774277320448205391866434087427933876340613e-2,6.41956113e-68
-2.375,1.5344299098666103396126305972962294421647295047389716675892765730e-2,9.10834503e-68
-2.3125,1.8909740597766166907023924542796337001902547423696811438134067127e-2,8.82043569e-68
-2.25,2.2968463042829752951723608662985142716738905135602131342173337650e-2,8.83383117e-68
-2.1875,2.7521287565798208549619440947497815516264764569816811596453064090e-2,1.14155115e-67
-2.125,3.2557832575769952122869096764775667348350248964409434027474496532e-2,1.37750086e-67
-2.0625,3.8056592136318715548936058080326780778054477868701345929611951189e-2,1.47424835e-67
-2,4.3985478379363886600988953759656034208990781042995011355926960007e-2,1.79567252e-67
-1.96875,4.7098524981320244131324514414803050106686504030080248586985337538e-2,2.02849872e-67
-1.9375,5.0302772980055123375583554248247702520134935281710365711253176467e-2,2.58647535e-67
-1.90625,5.3591713979785759136615022801719136302237482612997104742113824247e-2,2.60261486e-67
-1.875,5.6958412565992413812732622613164384492862626335710595398851988451e-2,2.70337988e-67
-1.84375,6.0395558528792644532472001357569827444479661560945314066249144241e-2,2.73035697e-67
-1.8125,6.3895520782563937047294619355361454630709092597004429052573981257e-2,2.79507060e-67
-1.78125,6.7450402286654496336995576274462395029214208211243224163297262224e-2,3.21135051e-67
-1.75,7.1052095303906114372557551150770077345671807002323714873199021893e-2,2.89080124e-67
-1.71875,7.4692336373935574927122359859419006271129517577157908843164713773e-2,3.07884190e-67
-1.6875,7.8362760425095097039360184142309272241449124114968262271299101751e-2,3.36204228e-67
-1.65625,8.2054953501200566728522942532141006257520518204931361000515597252e-2,2.48768102e-67
-1.625,8.5760503634986165689889819328523933306579857165107459751851700906e-2,2.48320584e-67
-1.59375,8.9471049458415913936943664838152815497779200618215639912330535664e-2,3.06936712e-67
-1.5625,9.3178326199171816505974315484170892855611239175087404579916169289e-2,3.37695880e-67
-1.53125,9.6874208771690258645429184234300486480301868564824217559255556526e-2,3.26242396e-67
-1.5,1.0055075172901865837413204751152076436096718416629882350677792723e-1,3.66534170e-67
-1.46875,1.0420022589764361647884913805507817172775257174690425146948649681e-1,4.26414334e-67
-1.4375,1.0781515157057547672800483119840547287416626378682038078369986343e-1,6.00483945e-67
-1.40625,1.1138832818377958170143712445896654524709825795520833806780171044e-1,5.93957630e-67
-1.375,1.1491286044707405962365368980147555687647493383851447686861768670e-1,5.51624618e-67
-1.34375,1.1838218094254657554726894703981926839613142247352791087664804630e-1,4.83191355e-67
-1.3125,1.2179006924117282686164115006279775618280839696417126515872995445e-1,5.91649680e-67
-1.28125,1.2513066762154645615591344582468466706901649103233766962555799253e-1,5.75102592e-67
-1.25,1.2839849350344398806018314683063379435618778364133560395488096079e-1,5.57800438e-67
-1.21875,1.3158844873341892621910556770153196503091291550768075821435422199e-1,5.34900341e-67
-1.1875,1.3469582587988238271136358233542123687558248535529538109726286776e-1,5.34127835e-67
-1.15625,1.3771631171137413950638629401552475442217890419374513819473328630e-1,4.65799799e-67
-1.125,1.4064598804419149226997461015308691041712953645797068066663504442e-1,4.91810684e-67
-1.09375,1.4348133015448968257070910455465594224997835752671479325117969444e-1,4.77143048e-67
-1.0625,1.4621920295568606366753762879981433418324258062174492345395655749e-1,4.75938415e-67
-1.03125,1.4885685514479340858704613023992293969110773586359590974777753340e-1,5.01404959e-67
-1,1.5139191152148557737998664395823351675949530306440712581988407817e-1,5.40919084e-67
-0.984375,1.5262032461050525627510140723294429897165622067801442731320054347e-1,5.12657083e-67
-0.96875,1.5382236368157077944596403165539235233519619074204468206941039282e-1,4.62918986e-67
-0.953125,1.5499783323435854130983958630475669528293036024443755459110237897e-1,4.44475344e-67
-0.9375,1.5614655928241809801782367945528870423354103133022854411288236030e-1,4.12023748e-67
-0.921875,1.5726838895302989366935343005968239072335858789689648833145378443e-1,4.20488349e-67
-0.90625,1.5836319007204598755804934404465506761629287437245870535530834040e-1,3.73495114e-67
-0.890625,1.5943085073507273853462755514736279866510095636640955852010782568e-1,3.90865458e-67
-0.875,1.6047127886631768423068648600282563958194070667281621157938239850e-1,5.92894520e-67
-0.859375,1.6148440176638468954053541864634970939459206983199498571883289956e-1,6.81308524e-67
-0.84375,1.6247016565026204115613485217825608383518990643398375057441838513e-1,6.25154341e-67
-0.828125,1.6342853517670773364792067201162919671616626846540998553523141746e-1,6.44188590e-67
-0.8125,1.6435949297019491788224717899398536399275498787001972400309908614e-1,6.15401130e-67
-0.796875,1.6526303913653854450290415122799641677721415318608585353402585475e-1,6.03218707e-67
-0.78125,1.6613919077328180359791520304263962664067925948363504911686290848e-1,5.65286422e-67
-0.765625,1.6698798147587819620773158334282475757718856320237591365033276169e-1,5.97355796e-67
-0.75,1.6780946084066212368295687671648954794132863399442653827158329654e-1,5.41841468e-67
-0.734375,1.6860369396555788689836003269250443162136894816561415421082213680e-1,5.40888797e-67
-0.71875,1.6937076094943407915153685527573764716923780829750800513548918366e-1,5.48466472e-67
-0.703125,1.7011075639096765496366093876004172128286188240276619195322508285e-1,6.01965294e-67
-0.6875,1.7082378888783957351440188905037153500312257509760138433791594663e-1,5.66206329e-67
-0.671875,1.7150998053704195272123384584842181251288337627373700886131645687e-1,6.51137811e-67
-0.65625,1.7216946643703522201676134964821145300015212658286452031608872152e-1,6.98590095e-67
-0.640625,1.7280239419245291435046012033757318177998804577198492746933184159e-1,7.40495957e-67
-0.625,1.7340892342201156848023582583683907443167995655183961524999911490e-1,7.72349272e-67
-0.609375,1.7398922527024379115373266865271400943831320036457837300504923627e-1,9.06293376e-67
-0.59375,1.7454348192363391785760414651988531039388951618615121064394745529e-1,9.09949199e-67
-0.578125,1.7507188613169796593333893067024770818750907867298921634991432553e-1,9.63121330e-67
-0.5625,1.7557464073351274380300385435654532801911877136790881536615986700e-1,9.77366911e-67
-0.546875,1.7605195819016310721827351579439443711172274572817985734286192691e-1,1.08383839e-66
-0.53125,1.7650406012354147419452734178388867502114190361141311677863742303e-1,1.35087327e-66
-0.515625,1.7693117686189985525547173077780965788530041520641955350073261165e-1,1.30172379e-66
-0.5,1.7733354699252185004090357942771141440736176195618904620292013294e-1,1.25275201e-66
-0.484375,1.7771141692185032540317858658982208000212835423148643739149908359e-1,1.24266568e-66
-0.46875,1.7806504044337583926983002048390707529360663456039508608611061304e-1,1.30345161e-66
-0.453125,1.7839467831356131977442435546232745378940552773387563628955767809e-1,1.32101237e-66
-0.4375,1.7870059783605005731175556614390610064573195525581158192882999705e-1,1.28388897e-66
-0.421875,1.7898307245437672126998681013954100450504589954836596790286564955e-1,1.58417883e-66
-0.40625,1.7924238135337487268568191996395129624346438889699535362027449436e-1,1.76709799e-66
-0.390625,1.7947880906944930512862999699575729366598318291232724264297964583e-1,1.94235878e-66
-0.375,1.7969264510985750190460899284803641885207275790873481463157146545e-1,2.08259997e-66
-0.359375,1.7988418358112153855549622389884025813095074445613225878528805289e-1,1.90915406e-66
-0.34375,1.8005372282666987350908289595992464627726745764576492130025569081e-1,1.79434932e-66
-0.328125,1.8020156507378764217349699336242204795716473070173489667028409471e-1,2.04820526e-66
-0.3125,1.8032801608993428431113460917672285969864213872104862725676312712e-1,2.34801739e-66
-0.296875,1.8043338484846857284528610998785910711086426657365001132599209110e-1,2.26691812e-66
-0.28125,1.8051798320380335438549240819119805828474490941841083394395264819e-1,2.10684267e-66
-0.265625,1.8058212557599553628867980905848354456540131178313461756999875775e-1,1.88284670e-66
-0.25,1.8062612864476103931471249646175174137347621369665454848219178943e-1,1.51774380e-66
-0.234375,1.8065031105288955509961488573824967593617343827500925239509729451e-1,1.77652416e-66
-0.21875,1.8065499311901997903097995644236049931815597837435368574133331403e-1,2.21860255e-66
-0.203125,1.8064049655972430615410650892989623540230025833265968748889623604e-1,2.45136231e-66
-0.1875,1.8060714422083555430449065285381151883461762898100235703279262020e-1,1.56095606e-66
-0.171875,1.8055525981794388807926540565281801602729790613394619312970276649e-1,1.53602075e-66
-0.15625,1.8048516768597453246370899712732532564985823874501772387848552120e-1,1.44892770e-66
-0.140625,1.8039719253775125858008774275179127367118038315267483384775748111e-1,1.19002844e-66
-0.125,1.8029165923144016861641335874848691529165205417536808370555412377e-1,1.69873065e-66
-0.109375,1.8016889254676017494219183795370376300046107668053171022945606180e-1,1.70476666e-66
-0.09375,1.8002921696983893216557336552338826959049907825247822984659661862e-1,1.77549351e-66
-0.078125,1.7987295648658601297147074969868449726042871713911195880462879591e-1,1.45967387e-66
-0.0625,1.7970043438444879172008776532751826477019870127452652859714786827e-1,1.11837693e-66
-0.046875,1.7951197306241078694243169382069942075740763612104169448635562935e-1,1.05719788e-66
-0.03125,1.7930789384908708831424744411278416104742071344829481558633075899e-1,8.31215065e-67
-0.015625,1.7908851682876692905692919124781643712630927566174578918260761315e-1,1.07851510e-66
0,1.7885416067524943505221847010490293065271003075681404322394172289e-1,1.21667978e-66
0.015625,1.7860514249331506177491010452327848210521070956521226733544533711e-1,1.21872538e-66
0.03125,1.7834177766767219445112712474178577955776066743500262749919968049e-1,1.22077590e-66
0.046875,1.7806437971921581117921038749453857500670456727949007192247838676e-1,1.22283137e-66
0.0625,1.7777326016843296920967872679523906336047922015272378322759688626e-1,1.22489179e-66
0.078125,1.7746872840578814786320483013646283681230304341561142481238328405e-1,1.22695717e-66
0.09375,1.7715109156892014497543271698322437671036853308853386203174965024e-1,1.22902755e-66
0.109375,1.7682065442648125522823687193833316550270955754981762785671631657e-1,1.23110292e-66
0.125,1.7647771926844883683592199348067391761738291762561392010703495197e-1,1.23318331e-66
0.140625,1.7612258580273907703414335405850179039326152110607573393387899285e-1,1.23526873e-66
0.15625,1.7575555105795277656457059270509033207670171424930669366997665726e-1,1.23735920e-66
0.171875,1.7537690929208326942395016592079661403456305293858668443088609564e-1,1.23945473e-66
0.1875,1.7498695190701715778849567719998240198892770710714760966863226063e-1,1.24155533e-66
0.203125,1.7458596736865935514216378680390199784036236961974400837048941966e-1,1.24366103e-66
0.21875,1.7417424113251497581002758561175964537440085306838291672089365156e-1,1.24577184e-66
0.234375,1.7375205557456186957281712597231282472666752930335942496470403634e-1,1.24788778e-66
0.25,1.7331968992724905972522255873403409830889684464331382509594903630e-1,1.25000885e-66
0.265625,1.7287742022045798640368135838196016552089393024190325908338535830e-1,1.25213508e-66
0.28125,1.7242551922726526946124247411370919080765316133197563460378852885e-1,1.25426648e-66
0.296875,1.7196425641434767245753440223895050848316133769460420870718952078e-1,1.25640307e-66
0.3125,1.7149389789687205793766867842176933793554367351380908256501679502e-1,1.25854486e-66
0.328125,1.7101470639771536118719247930971087323225902485962003871279038988e-1,1.26069187e-66
0.34375,1.7052694121086196276579860275674334997574804019671885715641237294e-1,1.26284412e-66
0.359375,1.7003085816882829762463307692685200054533845489376825148508302224e-1,1.26500162e-66
0.375,1.6952670961396708936033340674879462777932918066015377757858191292e-1,1.26716439e-66
0.390625,1.6901474437350623157386103400706074743953869070085521348091543918e-1,1.26933245e-66
0.40625,1.6849520773818004435008808682487314374374476830691269758314318892e-1,1.27150580e-66
0.421875,1.6796834144431340305176766356864393960698856298527965361975589154e-1,1.27368448e-66
0.4375,1.6743438365922205994058303434111999156793274855704139396801138522e-1,1.27586848e-66
0.453125,1.6689356896979534810900147418428054034785930852011222568547669993e-1,1.27805784e-66
0.46875,1.6634612837413036382314388051890228843883039331226734865063530775e-1,1.28025257e-66
0.484375,1.6579228927608966009913591108674016793921988491177313443520849749e-1,1.28245268e-66
0.5,1.6523227548265744407444321096001441285293084607543933854738299596e-1,1.28465818e-66
0.515625,1.6466630720397224683712970831639554767847407624521617573292615711e-1,1.28686911e-66
0.53125,1.6409460105591702060401774730169826543790910414669913625198001911e-1,1.28908547e-66
0.546875,1.6351737006515060866026486564940430799642741942494395993077309595e-1,1.29130729e-66
0.5625,1.6293482367646752284174821140655945747269811271036174957625347831e-1,1.29353457e-66
0.578125,1.6234716776237594648311506770397789623400546315932426676575628381e-1,1.29576733e-66
0.59375,1.6175460463478685294975672475284939542567242437675542013854629609e-1,1.29800560e-66
0.609375,1.6115733305871008674365647867725385611828783676320367189159521282e-1,1.30024939e-66
0.625,1.6055554826785619166964961355596133182076146547691511303761410770e-1,1.30249871e-66
0.640625,1.5994944198204568493045809081690180447037888865101240852466641538e-1,1.30475359e-66
0.65625,1.5933920242633036384384189938379771868703304548901247574393191544e-1,1.30701404e-66
0.671875,1.5872501435173408998499052890704527069811060186001519072285286768e-1,1.30928008e-66
0.6875,1.5810705905752332106374540450992979418999163255074339431628216725e-1,1.31155173e-66
0.703125,1.5748551441492045111837701464191358227010260918715105479111257606e-1,1.31382900e-66
0.71875,1.5686055489217577225873970616569103121460252655277736299101774447e-1,1.31611191e-66
0.734375,1.5623235158091658406691127123578703279274896279767180798046569283e-1,1.31840048e-66
0.75,1.5560107222369464792800265871908458747626429950689261875624022643e-1,1.32069473e-66
0.765625,1.5496688124265581129104758549224893539480363729438425409039102463e-1,1.32299468e-66
0.78125,1.5432993976925820962008145175647160332591234313861614631716751666e-1,1.32530033e-66
0.796875,1.5369040567496799024511493885759780964608000785202842005413050743e-1,1.32761172e-66
0.8125,1.5304843360286399129370959646649884968042495369043211370255284044e-1,1.32992886e-66
0.828125,1.5240417500008524937374371618438693434302405370149373698464645277e-1,1.33225176e-66
0.84375,1.5175777815105760083990429109882774125061749902206176903513104593e-1,1.33458045e-66
0.859375,1.5110938821143798260997937938416784090550404483544839183763638047e-1,1.33691494e-66
0.875,1.5045914724271732903900612311807476093133070098592495100585846779e-1,1.33925526e-66
0.890625,1.4980719424742520087528282751828991159693663778726707308346225247e-1,1.34160141e-66
0.90625,1.4915366520488147049809418820451317611606828546854920536359323578e-1,1.34395342e-66
0.921875,1.4849869310744252427108379696479578499729334971842855193258964137e-1,1.34631131e-66
0.9375,1.4784240799719152784073364064861392074025063015596978184643092639e-1,1.34867510e-66
0.953125,1.4718493700302433356714404303304614118851114761073398627384552510e-1,1.35104480e-66
0.96875,1.4652640437808459108564686728189555188707007578925374172029067431e-1,1.35342044e-66
0.984375,1.4586693153750355243813376942116815725564171125353188012955442749e-1,1.35580202e-66
1,1.4520663709640194253543670745173917702186770755014984784552087233e-1,1.35818958e-66
1.03125,1.4388404410258832549653930780928979399404012591812317073919204068e-1,1.36298269e-66
1.0625,1.4255951977413750429386648803574389412980115057548302859398814174e-1,1.36779990e-66
1.09375,1.4123391615039505857259723641060366098183440410148754269444103530e-1,1.37264139e-66
1.125,1.3990804417225925227377121799052376640028448303190131721332750562e-1,1.37750729e-66
1.15625,1.3858267492272586144401775210095487328221269142796487278285398646e-1,1.38239778e-66
1.1875,1.3725854086460368968479158663122888115189718774300774824098326926e-1,1.38731300e-66
1.21875,1.3593633707208487296875142402784625627472010587150639963309690356e-1,1.39225311e-66
1.25,1.3461672245318876185819246551400353340332472767856973676348124295e-1,1.39721828e-66
1.28125,1.3330032096041099816211798204641570352958874208498910257920310886e-1,1.40220866e-66
1.3125,1.3198772278720123635186963607568501920761243675552303579645748044e-1,1.40722442e-66
1.34375,1.3067948554816468100837048461654736748693843397663175601068153986e-1,1.41226572e-66
1.375,1.2937613544113511623180443269260461894936392910997026915358656114e-1,1.41733273e-66
1.40625,1.2807816838950129203958565280271178111760673260412974356277403353e-1,1.42242561e-66
1.4375,1.2678605116338530488660058422606616851879617180971746529648830382e-1,1.42754453e-66
1.46875,1.2550022247847185511757005902121117834893792140065805122053352624e-1,1.43268965e-66
1.5,1.2422109407147186096674312896979597664345686634511712511907547536e-1,1.43786116e-66
1.53125,1.2294905175137371705426905628272157833368127382710195366390472219e-1,1.44305921e-66
1.5625,1.2168445642579134497659479821134267669942128429191290648186242358e-1,1.44828399e-66
1.59375,1.2042764510186091090953691118719214088845981177163847982032456825e-1,1.45353567e-66
1.625,1.1917893186126847082819410024989296155751132968177647132267668736e-1,1.45881442e-66
1.65625,1.1793860880910961128007258999599354287350548391888348812580636105e-1,1.46412042e-66
1.6875,1.1670694699639011720365243963701040947848316386417005825717504301e-1,1.46945385e-66
1.71875,1.1548419731607452302657791204057375241288150033326096787953325644e-1,1.47481488e-66
1.75,1.1427059137267776398292040970015953966684082465779280807851223959e-1,1.48020370e-66
1.78125,1.1306634232547468557194548088557643138902055806111299952048179832e-1,1.48562050e-66
1.8125,1.1187164570547350416796009921135036226823383418566157971049453521e-1,1.49106545e-66
1.84375,1.1068668020636302451116034190684668145702951758362782486363692251e-1,1.49653875e-66
1.875,1.0951160844970006376791302426123316433191788950224725774162779556e-1,1.50204057e-66
1.90625,1.0834657772465363125315233628165863149620238620930804423507223615e-1,1.50757111e-66
1.9375,1.0719172070266646322143025938518167624710346200216773967918636723e-1,1.51313056e-66
1.96875,1.0604715612743298083425317246575276364161627548765577077917709184e-1,1.51871910e-66
2,1.0491298948062606683154508721941478042004181325781310699657889750e-1,1.52433694e-66
2.0625,1.0267620941719040170495239125032025512215280976393836673351116926e-1,1.53566127e-66
2.125,1.0048198294034004606421641714518497902135835955898653382029855738e-1,1.54710512e-66
2.1875,9.8330738991078330660815450750536227720609245076285141825850981644e-2,1.55867011e-66
2.25,9.6222750351119111288262037613980089947305069857951360035157778369e-2,1.57035784e-66
2.3125,9.4158149649714382246558569854031199852480463609071633274540435952e-2,1.58216999e-66
2.375,9.2136944121096479500533567613856628480285904684086935167382876897e-2,1.59410822e-66
2.4375,9.0159029184280190368963934727036016636583058934597571277998339895e-2,1.60617426e-66
2.5,8.8224200916354986620474890809446340832673156045373499183358611802e-2,1.61836983e-66
2.5625,8.6332167489078955114966799574856375928042932625116758454893710989e-2,1.63069670e-66
2.625,8.4482559636718838157649127909676897053963703777566602531250630469e-2,1.64315668e-66
2.6875,8.2674940220796083216634953860192605146411437606725440104002512452e-2,1.65575157e-66
2.75,8.0908812954807221240354925929981201243938747446407398217050704362e-2,1.66848324e-66
2.8125,7.9183630349180332463621082351091863915419122331740991554722458985e-2,1.68135358e-66
2.875,7.7498800933784133230363395119962992714619425664538691155747924966e-2,1.69436450e-66
2.9375,7.5853695812285033357092404836673926003664834397901244069528913934e-2,1.70751795e-66
3,7.4247654599601391859420961787839066228567142085652014645012797116e-2,1.72081591e-66
3.0625,7.2679990790674174355024437938028607661261396167713761355530624728e-2,1.73426041e-66
3.125,7.1149996605791831073908727507490035094536359631927379551688259761e-2,8.12526379e-68
3.1875,6.9656947354799828567359304579419490673764902943362604016721249637e-2,8.13022978e-68
3.25,6.8200105359711193808040697420617944053521224975908401702009874433e-2,8.13520862e-68
3.3125,6.6778723472527921803704123740239242319521983861349979112271988760e-2,8.14020035e-68
3.375,6.5392048222494208454444794983611526214568993807522040911127532748e-2,8.14520500e-68
3.4375,6.4039322624537780704528408024017487221455379667658713676451280934e-2,8.15022263e-68
3.5,6.2719788678318846856878177745956497618042303218922263102181897195e-2,8.15525329e-68
3.5625,6.1432689585098817981061759514921530093324042649836527981297592048e-2,2.83004501e-68
3.625,6.0177271707562545360258330491191908578683594347294798639239525267e-2,2.83510183e-68
3.6875,5.8952786295776505237071228807368364958840578124342609436519578186e-2,2.84017180e-68
3.75,5.7758491000638129415604531019960085863993611687594017745828783284e-2,2.84525496e-68
3.8125,5.6593651194464451553094649080581611968977981638831538650219043010e-2,2.85022662e-68
3.875,5.5457541116776898108434108764725068103390894291401363473423780900e-2,2.85533631e-68
3.9375,5.4349444861858432280130644258872059997271361748486026858920584952e-2,2.86045933e-68
4,5.3268657223284094017322767951951644923274148949922726371479787024e-2,2.86559571e-68
4.125,5.1186244642151900270453019177733969458453796210098897193173090985e-2,2.87590880e-68
4.25,4.9204900077490977132040610388044640256094151091441496686351738522e-2,2.88627592e-68
4.375,4.7319426093599437792218518179919954831775566424032699421191673412e-2,2.89669745e-68
4.5,4.5524840154086471489080476172393438798447291702860156697038542127e-2,2.90717377e-68
4.625,4.3816379311937754855940857994759122959593512108096474795460730612e-2,2.91770524e-68
4.75,4.2189501453723160888584445967312711257325532922528204624244450254e-2,2.92829224e-68
4.875,4.0639883843706342188452974435158320599590736596686029772851407546e-2,2.93893516e-68
5,3.9163419581290406945814402317314821636238623197107544099914841096e-2,2.94963437e-68
5.125,3.7756212474364282417192270470925152700833210412309062631834488663e-2,2.96039026e-68
5.25,3.6414570738492001761583357255710622045876089189454100691838882131e-2,2.97120323e-68
5.375,3.5134999854723463492762241206019553962021494052172702282460528118e-2,2.98207366e-68
5.5,3.3914194854693572360629220336805787113218612846267520324260074547e-2,2.99300196e-68
5.625,3.2749032248552200315456270115332002652952643777359072678780177796e-2,3.00398852e-68
5.75,3.1636561767367110979549531942164844970173205016180290175697573407e-2,3.01503375e-68
5.875,3.0573998055466859180975638102477003192317602219842652819633483595e-2,3.02613805e-68
6,2.9558712418470675203269628906045044765044830697738759818711545991e-2,3.03730184e-68
6.125,2.8588224708414740487042430515407000534726346700423767871950521170e-2,3.04852553e-68
6.25,2.7660195407525405843753999564953971598678523807234130486516244911e-2,3.05980954e-68
6.375,2.6772417956050374093693564112097106128928325283558343024109800820e-2,3.07115428e-68
6.5,2.5922811356501805645034590689784683777369537803528820275382686030e-2,3.08256019e-68
6.625,2.5109413076157650162799848756026439211324513918347961143427144457e-2,3.09402769e-68
6.75,2.4330372261263871484964119437523334963450827610587966106725305190e-2,3.10555721e-68
6.875,2.3583943269709090024771413497878945149526582628757683380128687477e-2,3.11714920e-68
7,2.2868479523695088459716310397520898299288997117175298245768714637e-2,3.12880408e-68
7.125,2.2182427679844293163357673789938904389776220350391815366633232692e-2,3.14052231e-68
7.25,2.1524322111055090776580961692346446621941477551229197583389268327e-2,3.15230433e-68
7.375,2.0892779692060518626600086919517615813915648361668581737712872051e-2,3.16415059e-68
7.5,2.0286494878918835975938441334526030556385925382929739828831854013e-2,3.17606156e-68
7.625,1.9704235071444546690554710499765011187525376041705689465768228634e-2,3.18803768e-68
7.75,1.9144836246775616554083836090369109323085171761806066775406410869e-2,3.20007942e-68
7.875,1.8607198851784575689628090687983393578117027135563684155450339817e-2,3.21218725e-68
8,1.8090283941810259988043534879890267180586281733893740232085893649e-2,3.22436165e-68
8.25,1.7114747296940301364651552781300844445072359737454438488593033542e-2,3.24891202e-68
8.5,1.6210994515662290874943754112341136988766100230419095094110779529e-2,3.27373441e-68
8.75,1.5372553339164498734372345491743456775775533117594228387493732804e-2,3.77324805e-69
9,1.4593623630742662390849742135335402294136673628481102505999776210e-2,3.78708298e-69
9.25,1.3869000502602629407026314196523737983153602602436015403197396537e-2,3.80099160e-69
9.5,1.3194006733673910065484440598220933137232922410702706620285059358e-2,3.81497443e-69
9.75,1.2564433353369514308665193447196352475934371472324909379453834691e-2,3.82903198e-69
10,1.1976487388788528718030642678491570307432973622775597754409729009e-2,3.84316477e-69
10.25,1.1426745887938416455048915231386481959835358018915458238991295323e-2,3.85737333e-69
10.5,1.0912115437252013002998649954447405892559362895895369571964750786e-2,3.87165818e-69
10.75,1.0429796487261473500672786106359929869532187215412263786173857998e-2,3.88601985e-69
11,9.9772518857718462731268228342472335427914567771789768754441997116e-3,3.90045888e-69
11.25,9.5521790936907676087417970510447809045252302424154822089043825303e-3,3.91497581e-69
11.5,9.1524856254992540593000514908689210239816262202657580181860851867e-3,3.92957119e-69
11.75,8.7762673149868408414048070294138014085170428810514573011773635404e-3,3.94424557e-69
12,8.4217890581505761246830083413750429946853530153742440156714176628e-3,3.95899950e-69
12.25,8.0874677298832675619125698346709593930014848229309960516261526295e-3,3.97383355e-69
12.5,7.7718570100181105270639064475016938041117588571374625131934700534e-3,3.98874827e-69
12.75,7.4736338881600189600212826362301205635548324560017280222976494267e-3,4.00374425e-69
13,7.1915866461572528045644282249906392264859907172643392817200614790e-3,4.01882205e-69
13.25,6.9246041426210836738085148290955832447399535319685724489415799471e-3,4.03398225e-69
13.5,6.6716662460917206733261726677613488178548649802192766401406968870e-3,4.04922544e-69
13.75,6.4318352827200284162406970984637568012212076854404557185428953067e-3,4.06439629e-69
14,6.2042483810755441376790216527181347689248448856453311373755711897e-3,4.07980724e-69
14.25,5.9881106112407272773425901297116175190716644184532954784490382836e-3,4.09530297e-69
14.5,5.7826888280035436409017443187456524107098200493741498003711120647e-3,4.11088408e-69
14.75,5.5873061389704596661472223202160231139086507136243360441193019645e-3,4.12655118e-69
15,5.4013369280103984573122132247943087981439396400363685822140072657e-3,4.14230489e-69
15.25,5.2242023727979286551059629107417760857349116751256254655965760247e-3,4.15814584e-69
15.5,5.0553664025156413909888643465467858069867314191078606216813410963e-3,4.17407465e-69
15.75,4.8943320481435063955986733507915602729644711455887548791052770471e-3,4.19009196e-69
16,4.7406381433296971810890031630915747711220576792449980201703029148e-3,4.20619839e-69
16.5,4.4535883968013253706334127268586075668146557686775856396782719507e-3,4.23868126e-69
17,4.1911372143970710793594841492803640153528185248785193864575400378e-3,4.27152848e-69
17.5,3.9506131550010420734927859431763110164240974873830078859740810819e-3,4.30474538e-69
18,3.7296910806918955008594026126553637345732664849498960549484410664e-3,4.85578720e-70
18.5,3.5263405498349416814432166721710038879792274127693856762253271053e-3,4.87376748e-70
19,3.3387828254654301003208971560099219799004538517261908904739002578e-3,4.89184438e-70
19.5,3.1654549180112472192548694768824724235542603394872352878368554226e-3,4.90845936e-70
20,3.0049793956922566166399016487816434771544859283799362223983070209e-3,4.92673155e-70
20.5,2.8561389433216104490479827901859566751768024991337243086187868246e-3,4.94510240e-70
21,2.7178548458224304692922223785699194623265382684428625575210322854e-3,4.96357262e-70
21.5,2.5891687280781294216059987581828343093351606848369736373416140807e-3,4.98214289e-70
22,2.4692270065767004073212465115882102261217625119917275909864034730e-3,5.00081392e-70
22.5,2.3572676074723869848793161367186895604927032042723883525078524096e-3,5.01958643e-70
23,2.2526085854118386138020202965377429935626349389544199698862555086e-3,5.03846112e-70
23.5,2.1546383418199932005136099070583168872155786616898233531679643980e-3,5.05743872e-70
24,2.0628071934785309650690126156702622281568918581311816440020130548e-3,5.07651996e-70
24.5,1.9766200846319016885092168528547464758847616750600859430940778579e-3,5.09570558e-70
25,1.8956302704659889306401133263543505417710771401044620830539552534e-3,5.11499631e-70
25.5,1.8194338281543137513575344519068915678521230822543266936000082470e-3,5.13439290e-70
26,1.7476648749684945817068213255791518159294611399651938331623091760e-3,5.15389612e-70
26.5,1.6799913921663361608805456816583767150507317929354500343296666455e-3,5.17350671e-70
27,1.6161115692700714471538487684072646596641317228716516328638505665e-3,5.19322544e-70
27.5,1.5557505965431568715925326141277981798546838113723792035034666959e-3,5.21305310e-70
28,1.4986578444598306451579991441611434940640168938427759893553420043e-3,5.23299047e-70
28.5,1.4446043781347804569037458668700651082926354020250836996039488779e-3,5.25303832e-70
29,1.3933807623620016373892650216939273634365344965721117111049079905e-3,5.27319747e-70
29.5,1.3447951193628402598045604091058690314695054628165858558972977276e-3,5.29346870e-70
30,1.2986714067753381942136132781622886555430716135113189958907859866e-3,5.31385283e-70
30.5,1.2548478880033922523730280787913033718379082572528913689536627156e-3,5.33435069e-70
31,1.2131757709265939190801003159899072331121114905576523280277965883e-3,5.35496308e-70
31.5,1.1735179942662716029361238196591467905595652858645479300631129207e-3,5.37569085e-70
32,1.1357481437060201038036530441182917486907363628605360417305289841e-3,5.39653483e-70
33,1.0654140813849305638510912071865502171595804172633147911049045341e-3,5.43857483e-70
34,1.0013407895754710693051185755232259222217406825495062706804637840e-3,5.48108994e-70
35,9.4281327724990370251355763125467278512570243498061240098244874217e-4,6.13857991e-71
36,8.8921503902102238442419079653687233947231664625486267325373418756e-4,6.16139173e-71
37,8.4001231401907475612533083805702504063760577805912317434750455651e-4,6.18432649e-71
38,7.9474118788007065505917477197220191809338507474931444337363121333e-4,6.20738508e-71
39,7.5299696858433950138020807874691212632014104747035317962949413999e-4,6.23056833e-71
40,7.1442539141655892489416035896838323335031992121420397860119124411e-4,6.25387715e-71
41,6.7871530342159604639682880153778965794904809389033514111443149063e-4,6.27731240e-71
42,6.4559255084920939974181242847118576664218334638382880711271675819e-4,3.57826047e-69
43,6.1481484965862375784426149198221647932906909671731437703114801094e-4,7.88058229e-70
44,5.8616746320175931158679610225112627782112807722255753606940460193e-4,1.00276003e-69
45,5.5945954569754611907684543701187487926470526997331711910429816249e-4,6.10717612e-70
46,5.3452103727298031447046865289220006205680714986617598486270495213e-4,3.18027423e-70
47,5.1120001785189124954640767424373716859425568107923961427134345944e-4,1.68851056e-70
48,4.8936044428570032385558789376956717257280881909416636362549315056e-4,1.04229694e-70
49,4.6888020880573517699749386233822920969869937682587410607213022190e-4,7.89311387e-71
50,4.4964946787223781673047860133809725987534535330186532309612432863e-4,6.97932451e-71
51,4.3156919936971989109105638505808521406142289298543958246761309424e-4,6.67753369e-71
52,4.1454995329208819513829953367939036366294763963158619969315567984e-4,6.59378132e-71
53,3.9851076691669073716730459611292783743680072431514813072262262746e-4,6.58402974e-71
54,3.8337822025216865216346668414603524222846430531331487792252599336e-4,6.59843315e-71
55,3.6908561147140205748433690041668137771859394335822579555639104520e-4,6.62050696e-71
56,3.5557223527422617421267917128999433743097212201287108025723004808e-4,6.64305880e-71
57,3.4278274979685761543248875415743250352249319451203038289692702636e-4,6.66837555e-71
58,3.3066661990114471792557898678656824125315435434178298527464851826e-4,6.69402856e-71
59,3.1917762652083275282793643253508297039878673599435103232878348824e-4,6.71987951e-71
60,3.0827343328144741553273568758076519184674124012374681142744323084e-4,6.74589007e-71
61,2.9791520289949357343761589283517213125384787008113009376751699995e-4,6.77205041e-71
62,2.8806725694940143981168672281897930771080854950465207294950742161e-4,6.79835867e-71
63,2.7869677349871689339432196579594118620168860092562375270131895486e-4,6.82481515e-71
64,2.6977351788249885297149761671609853149482763631211909813022394766e-4,6.85142072e-71
66,2.5315927239512467608267022891803390756425014856327318955307030228e-4,6.90508335e-71
68,2.3802587684993272470043347744627474339545640759385954394993205917e-4,7.73142129e-72
70,2.2420311723111046575587688255451255388555416914249535072988656312e-4,7.76012268e-72
72,2.1154447559997198166607972062832697061604244489536708820536774743e-4,7.78897894e-72
74,1.9992328910197411890379562253691049311201481509291073234642987282e-4,7.81799117e-72
76,1.8922961461456178723839572899140998218731587209101813200741426160e-4,7.84716045e-72
78,1.7936765495788343144638356630047348528499935865577973131309664876e-4,7.87648788e-72
80,1.7025363480496233698177186315427590818712508590664677964582497934e-4,7.88648428e-72
82,1.6181403884558444527655416333188183188243977779341071555396953172e-4,7.91613137e-72
84,1.5398414340280340204094412038952715342090774187159881641718731508e-4,7.94593998e-72
86,1.4670678703725888241865206776159254460012165777820285051205285813e-4,7.97591126e-72
88,1.3993133677139264977866547399135983534485636963224066735520516696e-4,8.00604636e-72
90,1.3361281520947269910964905559934613206417473783794793112256575162e-4,8.03634644e-72
92,1.2771116060295070742400336774344317573348910018141863899150981465e-4,8.06681268e-72
94,1.2219059724922378287529687718703824995133321352682208449956743298e-4,8.09744624e-72
96,1.1701909784245216771001462885215934024351382696392783441369416506e-4,8.12824834e-72
98,1.1216792276520663635699750461380834513255550433148514226643501092e-4,8.15922017e-72
100,1.0761122400783727958199727688735055232324703801305893619002964785e-4,8.19036295e-72
102,1.0332570357292233932825270630865068988569125437216425824285631149e-4,8.22167790e-72
104,9.9290317976179568626729849842790640022245446765997465015372917615e-5,8.25316625e-72
106,9.5486021878948061011469240573639457878322336634910480128931589157e-5,8.28482927e-72
108,9.1895545047858268549020014591299147533420747595635774225663927285e-5,8.31666819e-72
110,8.8503197787105272802474485556483623656103532788568339222997487226e-5,8.34868430e-72
112,8.5294700769117782110865553972478352745556624434395289241016708267e-5,8.38087887e-72
114,8.2257035833000242751330120552641986817655917924041552335668037686e-5,8.41325320e-72
116,7.9378314852814613924288864006853661957559190710900749541491534301e-5,8.44580859e-72
118,7.6647664220205340646587455752127764291391472757442900633252751029e-5,8.47854634e-72
120,7.4055122854580563639537789845923338650406071700065723045329811881e-5,8.51146781e-72
122,7.1591551962325491837016578169015075938541375986687995917445251947e-5,8.54457431e-72
124,6.9248555025055356898458439221182484988384723714513861949982555653e-5,8.57786720e-72
126,6.7018406714393087843837494678638165260817701541496106515300908626e-5,8.61134785e-72
128,6.4893989614233698970533397811196305881737647726650333876445745443e-5,8.64501763e-72
132,6.0936586349568449161576671979417099328848387799736599202603433210e-5,9.67674178e-73
136,5.7329564276961237695573780114686984655787842363109312613571205208e-5,9.71267175e-73
140,5.4032822870882016807654993825955445828648247829667523325493778017e-5,9.74879563e-73
144,5.1011830456252275787377280572142973197464421577563173386984945209e-5,9.78511474e-73
148,4.8236722368609488637164317169446745089185228454213057378006620969e-5,9.82163048e-73
152,4.5681564852246390944976521547501370171043226211879056588329174047e-5,9.85834420e-73
156,4.3323750807019495991411802263686470576360633797731013625592584789e-5,9.89525732e-73
160,4.1143501089987249554821781997705396316348255919623482299815150382e-5,9.93237124e-73
164,3.9123450829257332654630432104527865893809877416313757358355639948e-5,9.96968736e-73
168,3.7248304594998386519031900240540808320561962680290451913947149797e-5,1.00072071e-72
172,3.5504547643715139002162472949759023345233808417257528789549664461e-5,1.00449320e-72
176,3.3880203059598337865957983993293704789115579227101042267055881605e-5,1.00828634e-72
180,3.2364626646899306195683697436154867488490611298012433537066025698e-5,1.01210028e-72
184,3.0948333017434253914995271172715424405935086577306594986142018298e-5,1.01593517e-72
188,2.9622847570105449678636822685587373835655381672054308680217854384e-5,1.01979115e-72
192,2.8380580051794040211182577075564506384529740101101431885159003478e-5,1.02366839e-72
196,2.7214716179390429311038380806819511488939132164796355074578709967e-5,1.02756703e-72
200,2.6119124435407442864885830187497407459276399743641880017385774676e-5,1.03148722e-72
204,2.5088275658498612415330922189592395713653651187726003661667757100e-5,1.03542912e-72
208,2.4117173461402594426488302093853074879635007846719763692926244787e-5,1.03939288e-72
212,2.3201293842581036540850355622281308173005832925533198819906581362e-5,1.04337867e-72
216,2.2336532629854615429518431719456984107109063090255841192501328208e-5,1.04738664e-72
220,2.1519159616987762864401240362039430022111160716879629094894034822e-5,1.05141695e-72
224,2.0745778437110868417706624140870814027227919966783364925278998411e-5,1.05303348e-72
228,2.0013291367749358571031671560286803831950077866246491310147023565e-5,1.05710896e-72
232,1.9318868387122408550914882203962603086580690106991223311906021539e-5,1.06120727e-72
236,1.8659919905118275465312805017656318556532039168360356144754712176e-5,1.06532858e-72
240,1.8034072678820594431321303566756324182491075125681876569210456858e-5,1.06947306e-72
244,1.7439148494762220238371361909773729473616395073754865532672029919e-5,1.07364087e-72
248,1.6873145260730751285121456487005063631233245157253429678721263209e-5,1.07783218e-72
252,1.6334220200975678363391071443823066893845270396388464417621302439e-5,1.08204717e-72
256,1.5820674891723428725299218089327977579494981247570034642059084143e-5,1.08628602e-72
264,1.4863572902404633968180326804161606025578945020226713981999531393e-5,1.23736556e-73
272,1.3990665724864535394131016630911109287278521309282813639637087781e-5,1.24187433e-73
280,1.3192368408332307073166309945353467423498631865716568423709683528e-5,1.24640744e-73
288,1.2460421241600368610800291227292518055313993838969152746731910961e-5,1.25096510e-73
296,1.1787675922558132540154946832378152199641608216516169645557985380e-5,1.25554745e-73
304,1.1167920905876886160000456321905713906754081832421481603200563233e-5,1.26015486e-73
312,1.0595737937916964809678106748404807388257567549361948293218120798e-5,1.26478734e-73
320,1.0066383575245529757094360139887750158672725168609677143410372913e-5,1.24508247e-73
328,9.5756908372052396632671866982424398229020686692161954171975962552e-6,1.24976683e-73
336,9.1199871765231137520263148399321221461605695692959490525541031166e-6,1.25447984e-73
344,8.6960257464901319208928638261506089538424278679255076810443453902e-6,1.25921221e-73
352,8.3009275581816554220436574859617734010131640646469172984409018879e-6,1.26398594e-73
360,7.9321326001848303157002382573128464225963177632619229253688255529e-6,1.26877045e-73
368,7.5873583686858250186957947637413657482418312286182542455041844605e-6,1.27364546e-73
376,7.2645645516709595286804962439385001626469969894630249617259856485e-6,1.27849417e-73
384,6.9619228455363726474557517373289017015645182319832368699332353804e-6,1.28338088e-73
392,6.6777910692896422021345673426216824959479122190381110884671751887e-6,1.28831344e-73
400,6.4106908911986318657838866671449130521089781041770657709070444304e-6,1.29330900e-73
408,6.1592886031891179131337404620759955867757795103605704670160526654e-6,1.29840646e-73
416,5.9223784756691165533555896628148775965872134204623039438174285040e-6,1.30369949e-73
424,5.6988683045324213387450585439800385983096095524626782927217156677e-6,1.30943053e-73
432,5.4877668265797818120803735433643530642601986592938103470542417501e-6,1.31627748e-73
440,5.2881727323997635451023225933205393028260606316038340887062950287e-6,1.31946592e-73
448,5.0992650491587040737317983530225736441894220541480032164831785995e-6,1.32693786e-73
456,4.9202947015669994888388252395847938460709749540380931129659455591e-6,1.33010706e-73
464,4.7505770889515240162859296712402928807504944545682923071757585987e-6,1.33943199e-73
472,4.5894855410149511651253751212944524781305282895615862699257095097e-6,1.34191204e-73
480,4.4364455354178465890401726534612917851311781078821981420142983466e-6,1.35703718e-73
488,4.2909295775148547965809944468500580819113359080029772864102117251e-6,1.35738190e-73
496,4.1524526570063048189395165148165856796917490824357410492348673372e-6,1.35985200e-73
504,4.0205682084125026752826669814716703018235099529931281727007631457e-6,1.36349109e-73
512,3.8948645125312754556502484177046464510713074656000604921207750492e-6,1.38732215e-73
528,3.6605078032064603724648434004644986818671074144474137379995147597e-6,2.81635216e-74
544,3.4466718376662543176379203076909093885698895060841110666623669015e-6,2.71037835e-74
560,3.2510299244224741801279831217942257917078891787056277294641963289e-6,2.87971474e-74
576,3.0715759141186876526155202419243437647231620808537046573581419845e-6,3.45536965e-74
592,2.9065726449317110306432534586511109339694662884370210394746162249e-6,4.97144122e-74
608,2.7545098066172454771454430374770692555411678007113603152848276490e-6,3.89268703e-74
624,2.6140693071434301250322554495680494428269787991445555756186335924e-6,7.99663181e-74
640,2.4840966534028348560834751762127123427905811539853591996388161866e-6,7.93745696e-74
656,2.3635771816215371425265901000658155433936035858044129413519220111e-6,9.07003823e-74
672,2.2516162206563480032491595139690016611140055381480264744223931940e-6,1.20805430e-73
688,2.1474224618156741980040418795061745229882613306654565163213046517e-6,6.13405928e-74
704,2.0502939563272853690824794550041460176587890640325767600241552071e-6,1.03631380e-73
720,1.9596062765288992321448472307932829038140861486034922697009941362e-6,6.53018874e-74
736,1.8748024669982511409110962183888129188139265212496082138133077765e-6,1.47470103e-73
752,1.7953844829339151515327398185526757709902158680673377339809099485e-6,1.12223569e-73
768,1.7209058694811278745739428326241401813440120980976198450316383318e-6,9.52209940e-74
784,1.6509654806485866557271632152463563680994392122532749106557254636e-6,8.93699157e-74
800,1.5852020724810180385830001323204017063246057576448958315064668592e-6,9.24387134e-74
816,1.5232896341526149011480946113228351101405981080222961189035639134e-6,1.05597908e-73
832,1.4649333441036430696753992897860577163114094759589268524942496541e-6,1.34211859e-73
848,1.4098660574000701094573818619427991991256545515520938952676112001e-6,1.91663211e-73
864,1.3578452460448683144803753979019634488972326063195449968486716669e-6,7.09901454e-74
880,1.3086503267073675173767046898452774202682142209174531549310695383e-6,1.16275662e-73
896,1.2620803208127250200664911277145047894669710066593852110973715053e-6,2.22225853e-73
912,1.2179518005813521211156682919536308961768111083859522028246814912e-6,9.74887997e-74
928,1.1760970817727844563854795079297372343045766724017584351754264987e-6,2.22978523e-73
944,1.1363626298450550555047056108020377885187371974474377872127915394e-6,1.10906346e-73
960,1.0986076512094558999436057944591536004005797550548461129719110536e-6,3.13397938e-73
976,1.0627028454188688934335768286455827158807786673583808392269767517e-6,1.74114089e-73
992,1.0285292976186991231589766156930218972224799924763308015112521245e-6,1.05432147e-73
1008,9.9597749352882183780467898011759428314366784330214146837281494327e-7,6.98801466e-74
1024,9.6494644170719151474701861984807981409691510840261029752647883255e-7,2.63735622e-73
1056,9.0708062445114686854692496083347021003526659140150701162530744315e-7,9.91006827e-73
1088,8.5426658606210844697383395636613852483046453056323554833907967837e-7,6.88069151e-73
1120,8.0593307514616797295106995441361723384004110002325055460788617974e-7,6.07984624e-73
1152,7.6158734861000665859136072878975782058502734674865975029647620893e-7,6.83910942e-73
1184,7.2080257292914481629174307235428110994029392185233309964001100847e-7,9.80152889e-73
1216,6.8320752236212896692830469759020299931013350767406973397415637544e-7,5.50603871e-73
1248,6.4847810773306440455286246016873441712052005055156632073368700685e-7,1.24349974e-72
1280,6.1633037328594615049334652716328920509755840256389083355493707756e-7,1.03523908e-72
1312,5.8651467790967920967691905669654023100643335207263589343153595745e-7,1.03446709e-72
1344,5.5881083724825293698955334269072805848590179060310705829974398473e-7,1.24076886e-72
1376,5.3302404955396320352821112478798292010370804509763143869024704706e-7,4.70751905e-73
1408,5.0898146404872809394001320556678756858239780787218477380325238115e-7,7.88757728e-73
1440,4.8652927855744872639347109451109622168154668956938965346097734247e-7,3.93664627e-73
1472,4.6553027514246121491368168174991360595648496510567499019708759026e-7,9.22338240e-73
1504,4.4586171979943423543594145621857221225265937532820562263386458580e-7,6.05194889e-73
1536,4.2741356602558466496220197079578598666949318638190202783575997000e-7,4.48757440e-73
1568,4.1008691303807200525092106443468043052196898593165971434297875406e-7,3.75979266e-73
1600,3.9379267821136145420917822861403938182124325036104095214175044012e-7,3.55862745e-73
1632,3.7845045038288566415602843698479779960219152922536559278292460935e-7,3.80511480e-73
1664,3.6398749640552780187059499194613474651694751749926837140649258327e-7,4.59745091e-73
1696,3.5033789798165947386704259506994072928355188599949305575463190907e-7,6.27909538e-73
1728,3.3744179961366282731216793894927014936432285976719172782083971648e-7,9.69795361e-73
1760,3.2524475162001935968335000874082216479548999621943041233811587652e-7,3.08612487e-73
1792,3.1369713472796820511842504819866242705950756659147987213935063704e-7,5.89836417e-73
1824,3.0275365486925977035960680734679336737704627483775893151902792714e-7,2.19120098e-73
1856,2.9237289855874528523945345615007703180132706501556091538499022437e-7,5.18244374e-73
1888,2.8251694069354988662441847141286445661337128000725253109131462788e-7,2.24329497e-73
1920,2.7315099782714530132884737650703450185033763668720140289956062642e-7,6.57788711e-73
1952,2.6424312099102793528796538555896547496941286975408160282343401693e-7,3.31340233e-73
1984,2.5576392299185937291537859078337018038102709887917514101788942659e-7,1.77914157e-73
2016,2.4768633583216531267426698821463841062142419399337445909286119869e-7,1.01954631e-73
2048,2.3998539451106350460345854576134626237001612349801279230278808663e-7,4.41837919e-73
2112,2.2562296644072943591146250541625330886763913790105457946878422743e-7,1.59288196e-72
2176,2.1251213291207360466835372516899932985513254102104984271114826023e-7,1.01204875e-72
2240,2.0051159837647832884348574005826334830904087643674196292796771088e-7,8.22931215e-73
2304,1.8949945621844036971840504023355403130156494246624784618955849645e-7,8.56516820e-73
2368,1.7937008170334025544636543123195935248759996064559175600373087773e-7,1.14127941e-72
2432,1.7003159063741760820418712961490992023289831454136465125760477915e-7,5.98744560e-73
2496,1.6140374901969922676806816217508508291699545436503335956686165828e-7,1.26814069e-72
2560,1.5341624448834616759985738061795821867679550904693985754719170853e-7,9.94169326e-73
2624,1.4600724973014979342169372681243863202150695553387680394317508907e-7,9.38253659e-73
2688,1.3912222282665024816260098649234910389504572695918614508778677007e-7,1.06605565e-72
2752,1.3271290090815347081764273603060970488752888141497422448467806996e-7,3.84115836e-73
2816,1.2673645232074981136333877657924995194013036254712424394521376950e-7,6.13327307e-73
2880,1.2115475940174115512197870608742936613154255294645225616281209548e-7,2.91994186e-73
2944,1.1593380936586086874910230618789292977141737371255378194935057766e-7,6.55333789e-73
3008,1.1104317507215684323872479165035551676211938247164196894866248598e-7,4.12202510e-73
3072,1.0645557082809035337639689086028686614910184036920261111787845982e-7,2.93492156e-73
3136,1.0214647108920304705198009054189180206199343671119083274086391497e-7,2.36541154e-73
3200,9.8093782078945474622554698174144967253260053695874220184767606239e-8,2.15786119e-73
3264,9.4277558098442907118361622425977867042794355007825439765096647613e-8,2.22813278e-73
3328,9.0679755708403138004115205353974526312184437022251363439367267700e-8,2.60420911e-73
3392,8.7284020113527675165056811700748727409947556459146450785866316093e-8,3.44558854e-73
3456,8.4075499017061721575945066624039449335649811223462365418510802380e-8,5.16112396e-73
3520,8.1040679981345344458706294759568738622833680034031529678029659671e-8,1.59032601e-73
3584,7.8167247962350748373438677054430269618920075562155491041539191154e-8,2.95809200e-73
3648,7.5443960208270156855195027212875316674121548411957724461846963203e-8,1.06483341e-73
3712,7.2860536144966426379005114649231282479761430290711467986008118484e-8,2.46041675e-73
3776,7.0407560231044507911225818428699668994505835770882784969577931115e-8,1.03435718e-73
3840,6.8076396065695005028618674525941331242030128040753067260724758910e-8,2.96942370e-73
3904,6.5859110283962777675910533755220816920516316031379709138998800570e-8,1.45729278e-73
3968,6.3748404985316487255838534551098291334580612632131040327753707673e-8,7.61615211e-74
4032,6.1737557619322873204099124432825947399394037937588216313621857331e-8,2.97991670e-73
4096,5.9820367402545700340266887920940881462235005746213486893072081157e-8,1.81713054e-73
8192,1.4930623730921403225971983957775937389111154199655172854389599292e-8,3.38846398e-74
16384,3.7292864082871180171630885991469840594847339537821076117146234980e-9,2.32101651e-75
32768,9.3186134290455009976391771018297002277954134075522109686652664686e-10,2.34895323e-77
65536,2.3290290382993096732374222762100913006828833874718155526010071601e-10,1.54322884e-79
131072,5.8217308264606891034384547339803478029051101608447510578785518466e-11,9.31157626e-80
262144,1.4553198043127624613422852439449467961389068427996389950827527794e-11,1.16394823e-80
524288,3.6381487740431616551462113671320767667192391884249227375825656571e-12,1.07487982e-80
1048576,9.0951714975794989353222280622016095076901040395361080495660377997e-13,1.34359981e-81
2097152,2.2737663172229661957448047678601642138270905558862751662034932673e-13,1.32970321e-81
4194304,5.6843807181980884140140283984438776158032589357824467742681498036e-14,1.66212902e-82
8388608,1.4210905603717844463165077953532298276168073460554516136407578557e-14,1.66000885e-82
16777216,3.5527203334169665120655054065337578187977266293217552693962507262e-15,2.07501106e-83
2^25,8.8817928822158857949222332609018960139292824187553937313280852983e-16,2.07480776e-83
2^26,2.2204471807704310348910016448619031637529765358540363445502372440e-16,2.59350969e-84
2^27,5.5511165948614859426057945053130537147369020057005333655625978378e-17,2.59379791e-84
2^28,1.3877789719153664366191588275626756820539696260519801057271820393e-17,3.24224738e-85
2^29,3.4694471998297216107778665062401199869716179149266567771793128691e-18,3.24309259e-85
2^30,8.6736177009275590705599828596587953216068124914526966084105771288e-19,4.05386574e-86
2^31,2.1684043865012484059737852984236335093214935671885395967106738737e-19,4.05599938e-86
2^32,5.4210109160900707388141300640389585459104189513053060530633201858e-20,5.06999923e-87
2^33,1.3552527225334177761945851203633330275500076703717040705235302582e-20,5.07534232e-87
2^34,3.3881317979487712395920263649699215457850461542697659370120379561e-21,6.34417790e-88
2^35,8.4703294840492136800507610994775966794296522629943979247845802301e-22,6.35756587e-88
2^36,2.1175823696167456263265093326428418268384455313626225431431477267e-22,7.94695734e-89
2^37,5.2939559222440187084913710505391688183005230030197439143994321233e-23,7.98057680e-89
2^38,1.3234889803295992429837876636009623066277853058302686714099477840e-23,9.97572100e-90
2^39,3.3087224505263978591463192850533068614276592082252519606350257929e-24,1.00605237e-89
2^40,8.2718061259335650178935775391370716293456017673606841149142060655e-25,1.25756546e-90
2^41,2.0679515314342838857771693049994927552266270129366990486383761094e-25,1.27915004e-90
2^42,5.1698788285226959223841283976806652718782399216497314452390139516e-26,1.59893755e-91
2^43,1.2924697071225935589400264665808638656874960734071435696271204056e-26,1.65488973e-91
2^44,3.2311742677961287482191779461576909138718219761409229372103474244e-27,2.06861216e-92
2^45,8.0779356694770596565581929855978765298736660408719523326971901237e-28,2.21921297e-92
2^46,2.0194839173675673526938089174473299584589529067600001286868398931e-28,2.77401622e-93
2^47,5.0487097934167466990560709635643504351461630699143805568429538909e-29,3.46752027e-94
2^48,1.2621774483539089980703015642858693327297302952264371190073266466e-29,4.33440034e-95
2^49,3.1554436208844176288599714145612936738745280113909487450496082766e-30,5.41800042e-96
2^50,7.8886090522105907761944037728352305623061162865959760776438275128e-31,6.77250053e-97
